"nome","decada","total_decada","posicao"
"James","1950","845821","1"
"Michael","1950","839312","2"
"Robert","1950","832110","3"
"Michael","1960","837068","1"
"David","1960","736709","2"
"John","1960","716364","3"
"Michael","1970","712793","1"
"Jennifer","1970","583688","2"
"Christopher","1970","478445","3"
"Michael","1980","668724","1"
"Christopher","1980","558407","2"
"Jessica","1980","471446","3"
"Michael","1990","464210","1"
"Christopher","1990","361223","2"
"Matthew","1990","352315","3"
"Jacob","2000","274165","1"
"Michael","2000","251189","2"
"Joshua","2000","232246","3"
"Sophia","2010","104441","1"
"Emma","2010","98776","2"
"Isabella","2010","96445","3"
